id,a,b,c,species
1,0.381264742,0.418901609,0.947046561,1
2,0.297415031,0.488352624,0.933448826,1
3,0.358599404,0.403451098,0.946019989,1
4,0.236811613,0.471857716,0.934577542,1
5,0.186386887,0.498804818,0.868659204,1
6,0.231371856,0.443998279,0.874096007,1
7,0.376608093,0.401606667,0.967839574,1
8,0.251529986,0.446965064,0.940611263,1
9,0.232867749,0.445147061,0.889487791,1
10,0.277986414,0.461176177,0.918343364,1
